url,price,epc,date
https://www.immoscoop.be/te-huur/8200-sint-michiels/838015,750,A,2025-05-29
https://www.immoscoop.be/te-huur/8000-brugge/849208,800,A,2025-05-29
https://www.immoscoop.be/te-huur/8000-brugge/777953,800,B,2025-05-29
https://www.immoscoop.be/te-huur/8200-sint-andries/824414,825,B,2025-05-29
https://www.immoscoop.be/te-huur/8000-brugge/820849,850,B,2025-05-29
https://www.immoscoop.be/te-huur/8380-zeebrugge/774359,875,B,2025-05-29
https://www.immoscoop.be/te-huur/8310-assebroek/843515,875,B,2025-05-29
https://www.immoscoop.be/te-huur/8000-brugge/664588,890,B,2025-05-29
https://www.immoscoop.be/te-huur/8310-assebroek/843513,895,B,2025-05-29
https://www.immoscoop.be/te-huur/8200-sint-michiels/838015,750,A,2025-05-30
https://www.immoscoop.be/te-huur/8000-brugge/849208,800,A,2025-05-30
https://www.immoscoop.be/te-huur/8000-brugge/777953,800,B,2025-05-30
https://www.immoscoop.be/te-huur/8200-sint-andries/824414,825,B,2025-05-30
https://www.immoscoop.be/te-huur/8000-brugge/820849,850,B,2025-05-30
https://www.immoscoop.be/te-huur/8380-zeebrugge/774359,875,B,2025-05-30
https://www.immoscoop.be/te-huur/8310-assebroek/843515,875,B,2025-05-30
https://www.immoscoop.be/te-huur/8000-brugge/664588,890,B,2025-05-30
https://www.immoscoop.be/te-huur/8310-assebroek/843513,895,B,2025-05-30
https://www.immoscoop.be/te-huur/8200-sint-michiels/838015,750,A,2025-06-01
https://www.immoscoop.be/te-huur/8000-brugge/849208,800,A,2025-06-01
https://www.immoscoop.be/te-huur/8000-brugge/777953,800,B,2025-06-01
https://www.immoscoop.be/te-huur/8200-sint-andries/824414,825,B,2025-06-01
https://www.immoscoop.be/te-huur/8000-brugge/820849,850,B,2025-06-01
https://www.immoscoop.be/te-huur/8380-zeebrugge/774359,875,B,2025-06-01
https://www.immoscoop.be/te-huur/8310-assebroek/843515,875,B,2025-06-01
https://www.immoscoop.be/te-huur/8000-brugge/664588,890,B,2025-06-01
https://www.immoscoop.be/te-huur/8310-assebroek/843513,895,B,2025-06-01
https://www.immoscoop.be/te-huur/8200-sint-michiels/838015,750,A,2025-06-02
https://www.immoscoop.be/te-huur/8000-brugge/849208,800,A,2025-06-02
https://www.immoscoop.be/te-huur/8000-brugge/777953,800,B,2025-06-02
https://www.immoscoop.be/te-huur/8200-sint-andries/824414,825,B,2025-06-02
https://www.immoscoop.be/te-huur/8000-brugge/852847,825,A,2025-06-02
https://www.immoscoop.be/te-huur/8000-brugge/820849,850,B,2025-06-02
https://www.immoscoop.be/te-huur/8380-zeebrugge/774359,875,B,2025-06-02
https://www.immoscoop.be/te-huur/8310-assebroek/843515,875,B,2025-06-02
https://www.immoscoop.be/te-huur/8000-brugge/664588,890,B,2025-06-02
https://www.immoscoop.be/te-huur/8310-assebroek/843513,895,B,2025-06-02
https://www.immoscoop.be/te-huur/8200-sint-michiels/838015,750,A,2025-06-03
https://www.immoscoop.be/te-huur/8000-brugge/849208,800,A,2025-06-03
https://www.immoscoop.be/te-huur/8000-brugge/777953,800,B,2025-06-03
https://www.immoscoop.be/te-huur/8200-sint-andries/824414,825,B,2025-06-03
https://www.immoscoop.be/te-huur/8000-brugge/852847,825,A,2025-06-03
https://www.immoscoop.be/te-huur/8380-zeebrugge/853313,845,A,2025-06-03
https://www.immoscoop.be/te-huur/8000-brugge/820849,850,B,2025-06-03
https://www.immoscoop.be/te-huur/8380-zeebrugge/774359,875,B,2025-06-03
https://www.immoscoop.be/te-huur/8310-assebroek/843515,875,B,2025-06-03
https://www.immoscoop.be/te-huur/8000-brugge/664588,890,B,2025-06-03
https://www.immoscoop.be/te-huur/8310-assebroek/843513,895,B,2025-06-03
https://www.immoscoop.be/te-huur/8000-brugge/858370,795,B,2025-06-09
https://www.immoscoop.be/te-huur/8000-brugge/849208,800,A,2025-06-09
https://www.immoscoop.be/te-huur/8000-brugge/852847,825,A,2025-06-09
https://www.immoscoop.be/te-huur/8200-sint-andries/824414,825,B,2025-06-09
https://www.immoscoop.be/te-huur/8380-zeebrugge/853313,845,A,2025-06-09
https://www.immoscoop.be/te-huur/8000-brugge/820849,850,B,2025-06-09
https://www.immoscoop.be/te-huur/8380-zeebrugge/774359,875,B,2025-06-09
https://www.immoscoop.be/te-huur/8000-brugge/664588,890,B,2025-06-09
https://www.immoscoop.be/te-huur/8310-assebroek/843513,895,B,2025-06-09
https://www.immoscoop.be/te-huur/8310-assebroek/862961,700,B,2025-06-19
https://www.immoscoop.be/te-huur/8380-zeebrugge/861143,800,A,2025-06-19
https://www.immoscoop.be/te-huur/8380-zeebrugge/853313,845,A,2025-06-19
https://www.immoscoop.be/te-huur/8000-brugge/820849,850,B,2025-06-19
https://www.immoscoop.be/te-huur/8310-sint-kruis/863925,850,A,2025-06-19
https://www.immoscoop.be/te-huur/8310-assebroek/843515,875,B,2025-06-19
https://www.immoscoop.be/te-huur/8380-zeebrugge/774359,875,B,2025-06-19
https://www.immoscoop.be/te-huur/8310-assebroek/843513,895,B,2025-06-19
https://www.immoscoop.be/te-huur/8310-assebroek/862961,700,B,2025-06-20
https://www.immoscoop.be/te-huur/8380-zeebrugge/861143,800,A,2025-06-20
https://www.immoscoop.be/te-huur/8380-zeebrugge/853313,845,A,2025-06-20
https://www.immoscoop.be/te-huur/8000-brugge/820849,850,B,2025-06-20
https://www.immoscoop.be/te-huur/8310-sint-kruis/863925,850,A,2025-06-20
https://www.immoscoop.be/te-huur/8380-zeebrugge/774359,875,B,2025-06-20
https://www.immoscoop.be/te-huur/8310-assebroek/843513,895,B,2025-06-20
https://www.immoscoop.be/te-huur/8310-assebroek/862961,700,B,2025-06-22
https://www.immoscoop.be/te-huur/8000-brugge/872134,780,B,2025-06-22
https://www.immoscoop.be/te-huur/8380-zeebrugge/861143,800,A,2025-06-22
https://www.immoscoop.be/te-huur/8380-zeebrugge/853313,845,A,2025-06-22
https://www.immoscoop.be/te-huur/8000-brugge/820849,850,B,2025-06-22
https://www.immoscoop.be/te-huur/8310-sint-kruis/863925,850,A,2025-06-22
https://www.immoscoop.be/te-huur/8380-zeebrugge/774359,875,B,2025-06-22
https://www.immoscoop.be/te-huur/8310-assebroek/862961,700,B,2025-06-23
https://www.immoscoop.be/te-huur/8000-brugge/872134,780,B,2025-06-23
https://www.immoscoop.be/te-huur/8380-zeebrugge/861143,800,A,2025-06-23
https://www.immoscoop.be/te-huur/8380-zeebrugge/853313,845,A,2025-06-23
https://www.immoscoop.be/te-huur/8000-brugge/820849,850,B,2025-06-23
https://www.immoscoop.be/te-huur/8310-sint-kruis/863925,850,A,2025-06-23
https://www.immoscoop.be/te-huur/8380-zeebrugge/774359,875,B,2025-06-23
https://www.immoscoop.be/te-huur/8310-assebroek/862961,700,B,2025-06-24
https://www.immoscoop.be/te-huur/8000-brugge/872134,780,B,2025-06-24
https://www.immoscoop.be/te-huur/8380-zeebrugge/861143,800,A,2025-06-24
https://www.immoscoop.be/te-huur/8380-zeebrugge/853313,845,A,2025-06-24
https://www.immoscoop.be/te-huur/8000-brugge/820849,850,B,2025-06-24
https://www.immoscoop.be/te-huur/8380-zeebrugge/774359,875,B,2025-06-24
https://www.immoscoop.be/te-huur/8310-assebroek/862961,700,B,2025-06-25
https://www.immoscoop.be/te-huur/8000-brugge/872134,780,B,2025-06-25
https://www.immoscoop.be/te-huur/8380-zeebrugge/861143,800,A,2025-06-25
https://www.immoscoop.be/te-huur/8380-zeebrugge/853313,845,A,2025-06-25
https://www.immoscoop.be/te-huur/8000-brugge/820849,850,B,2025-06-25
https://www.immoscoop.be/te-huur/8200-sint-andries/873147,875,,2025-06-25
https://www.immoscoop.be/te-huur/8380-zeebrugge/774359,875,B,2025-06-25
https://www.immoscoop.be/te-huur/8310-assebroek/862961,700,B,2025-06-26
https://www.immoscoop.be/te-huur/8000-brugge/872134,780,B,2025-06-26
https://www.immoscoop.be/te-huur/8200-sint-michiels/874836,800,A,2025-06-26
https://www.immoscoop.be/te-huur/8380-zeebrugge/861143,800,A,2025-06-26
https://www.immoscoop.be/te-huur/8380-zeebrugge/853313,845,A,2025-06-26
https://www.immoscoop.be/te-huur/8000-brugge/820849,850,B,2025-06-26
https://www.immoscoop.be/te-huur/8200-sint-andries/873147,875,,2025-06-26
https://www.immoscoop.be/te-huur/8380-zeebrugge/774359,875,B,2025-06-26
https://www.immoscoop.be/te-huur/8310-assebroek/862961,700,B,2025-06-27
https://www.immoscoop.be/te-huur/8000-brugge/872134,780,B,2025-06-27
https://www.immoscoop.be/te-huur/8200-sint-michiels/874836,800,A,2025-06-27
https://www.immoscoop.be/te-huur/8380-zeebrugge/861143,800,A,2025-06-27
https://www.immoscoop.be/te-huur/8380-zeebrugge/853313,845,A,2025-06-27
https://www.immoscoop.be/te-huur/8000-brugge/820849,850,B,2025-06-27
https://www.immoscoop.be/te-huur/8200-sint-andries/873147,875,,2025-06-27
https://www.immoscoop.be/te-huur/8380-zeebrugge/774359,875,B,2025-06-27
https://www.immoscoop.be/te-huur/8310-assebroek/862961,700,B,2025-06-29
https://www.immoscoop.be/te-huur/8000-brugge/872134,780,B,2025-06-29
https://www.immoscoop.be/te-huur/8200-sint-michiels/874836,800,A,2025-06-29
https://www.immoscoop.be/te-huur/8380-zeebrugge/861143,800,A,2025-06-29
https://www.immoscoop.be/te-huur/8000-brugge/820849,850,B,2025-06-29
https://www.immoscoop.be/te-huur/8200-sint-andries/873147,875,,2025-06-29
https://www.immoscoop.be/te-huur/8380-zeebrugge/774359,875,B,2025-06-29
https://www.immoscoop.be/te-huur/8310-assebroek/862961,700,B,2025-06-30
https://www.immoscoop.be/te-huur/8000-brugge/872134,780,B,2025-06-30
https://www.immoscoop.be/te-huur/8200-sint-michiels/874836,800,A,2025-06-30
https://www.immoscoop.be/te-huur/8380-zeebrugge/861143,800,A,2025-06-30
https://www.immoscoop.be/te-huur/8000-brugge/820849,850,B,2025-06-30
https://www.immoscoop.be/te-huur/8200-sint-andries/873147,875,,2025-06-30
https://www.immoscoop.be/te-huur/8380-zeebrugge/774359,875,B,2025-06-30
https://www.immoscoop.be/te-huur/8310-assebroek/862961,700,B,2025-07-01
https://www.immoscoop.be/te-huur/8000-brugge/872134,780,B,2025-07-01
https://www.immoscoop.be/te-huur/8200-sint-michiels/874836,800,A,2025-07-01
https://www.immoscoop.be/te-huur/8380-zeebrugge/861143,800,A,2025-07-01
https://www.immoscoop.be/te-huur/8000-brugge/820849,850,B,2025-07-01
https://www.immoscoop.be/te-huur/8200-sint-andries/873147,875,,2025-07-01
https://www.immoscoop.be/te-huur/8380-zeebrugge/774359,875,B,2025-07-01
https://www.immoscoop.be/te-huur/8310-assebroek/862961,700,B,2025-07-02
https://www.immoscoop.be/te-huur/8000-brugge/872134,780,B,2025-07-02
https://www.immoscoop.be/te-huur/8200-sint-michiels/874836,800,A,2025-07-02
https://www.immoscoop.be/te-huur/8380-zeebrugge/861143,800,A,2025-07-02
https://www.immoscoop.be/te-huur/8000-brugge/820849,850,B,2025-07-02
https://www.immoscoop.be/te-huur/8200-sint-andries/873147,875,,2025-07-02
https://www.immoscoop.be/te-huur/8380-zeebrugge/774359,875,B,2025-07-02
https://www.immoscoop.be/te-huur/8310-assebroek/862961,700,B,2025-07-03
https://www.immoscoop.be/te-huur/8000-brugge/872134,780,B,2025-07-03
https://www.immoscoop.be/te-huur/8200-sint-michiels/874836,800,A,2025-07-03
https://www.immoscoop.be/te-huur/8380-zeebrugge/861143,800,A,2025-07-03
https://www.immoscoop.be/te-huur/8000-brugge/877665,825,B,2025-07-03
https://www.immoscoop.be/te-huur/8000-brugge/820849,850,B,2025-07-03
https://www.immoscoop.be/te-huur/8200-sint-andries/873147,875,,2025-07-03
https://www.immoscoop.be/te-huur/8380-zeebrugge/774359,875,B,2025-07-03
https://www.immoscoop.be/te-huur/8310-assebroek/862961,700,B,2025-07-04
https://www.immoscoop.be/te-huur/8000-brugge/872134,780,B,2025-07-04
https://www.immoscoop.be/te-huur/8200-sint-michiels/874836,800,A,2025-07-04
https://www.immoscoop.be/te-huur/8380-zeebrugge/861143,800,A,2025-07-04
https://www.immoscoop.be/te-huur/8000-brugge/820849,850,B,2025-07-04
https://www.immoscoop.be/te-huur/8200-sint-andries/873147,875,,2025-07-04
https://www.immoscoop.be/te-huur/8380-zeebrugge/774359,875,B,2025-07-04
https://www.immoscoop.be/te-huur/8310-assebroek/862961,700,B,2025-07-05
https://www.immoscoop.be/te-huur/8000-brugge/872134,780,B,2025-07-05
https://www.immoscoop.be/te-huur/8200-sint-michiels/874836,800,A,2025-07-05
https://www.immoscoop.be/te-huur/8380-zeebrugge/861143,800,A,2025-07-05
https://www.immoscoop.be/te-huur/8000-brugge/820849,850,B,2025-07-05
https://www.immoscoop.be/te-huur/8200-sint-andries/873147,875,,2025-07-05
https://www.immoscoop.be/te-huur/8380-zeebrugge/774359,875,B,2025-07-05
https://www.immoscoop.be/te-huur/8200-sint-andries/882732,875,A,2025-07-05
https://www.immoscoop.be/te-huur/8310-sint-kruis/883653,675,B,2025-07-07
https://www.immoscoop.be/te-huur/8310-assebroek/862961,700,B,2025-07-07
https://www.immoscoop.be/te-huur/8380-zeebrugge/883669,715,A,2025-07-07
https://www.immoscoop.be/te-huur/8000-brugge/872134,780,B,2025-07-07
https://www.immoscoop.be/te-huur/8200-sint-michiels/874836,800,A,2025-07-07
https://www.immoscoop.be/te-huur/8380-zeebrugge/861143,800,A,2025-07-07
https://www.immoscoop.be/te-huur/8000-brugge/820849,850,B,2025-07-07
https://www.immoscoop.be/te-huur/8200-sint-andries/873147,875,,2025-07-07
https://www.immoscoop.be/te-huur/8380-zeebrugge/774359,875,B,2025-07-07
https://www.immoscoop.be/te-huur/8200-sint-andries/882732,875,A,2025-07-07
https://www.immoscoop.be/te-huur/8310-sint-kruis/883653,675,B,2025-07-09
https://www.immoscoop.be/te-huur/8380-zeebrugge/883669,715,A,2025-07-09
https://www.immoscoop.be/te-huur/8000-brugge/872134,780,B,2025-07-09
https://www.immoscoop.be/te-huur/8200-sint-michiels/874836,800,A,2025-07-09
https://www.immoscoop.be/te-huur/8380-zeebrugge/861143,800,A,2025-07-09
https://www.immoscoop.be/te-huur/8000-brugge/820849,850,B,2025-07-09
https://www.immoscoop.be/te-huur/8200-sint-andries/873147,875,,2025-07-09
https://www.immoscoop.be/te-huur/8380-zeebrugge/774359,875,B,2025-07-09
https://www.immoscoop.be/te-huur/8200-sint-andries/882732,875,A,2025-07-09
https://www.immoscoop.be/te-huur/8310-sint-kruis/883653,675,B,2025-07-10
https://www.immoscoop.be/te-huur/8380-zeebrugge/883669,715,A,2025-07-10
https://www.immoscoop.be/te-huur/8000-brugge/872134,780,B,2025-07-10
https://www.immoscoop.be/te-huur/8200-sint-michiels/874836,800,A,2025-07-10
https://www.immoscoop.be/te-huur/8380-zeebrugge/861143,800,A,2025-07-10
https://www.immoscoop.be/te-huur/8000-brugge/820849,850,B,2025-07-10
https://www.immoscoop.be/te-huur/8200-sint-andries/873147,875,,2025-07-10
https://www.immoscoop.be/te-huur/8380-zeebrugge/774359,875,B,2025-07-10
https://www.immoscoop.be/te-huur/8200-sint-andries/882732,875,A,2025-07-10
https://www.immoscoop.be/te-huur/8310-sint-kruis/883653,675,B,2025-07-11
https://www.immoscoop.be/te-huur/8380-zeebrugge/883669,715,A,2025-07-11
https://www.immoscoop.be/te-huur/8000-brugge/872134,780,B,2025-07-11
https://www.immoscoop.be/te-huur/8200-sint-michiels/874836,800,A,2025-07-11
https://www.immoscoop.be/te-huur/8380-zeebrugge/861143,800,A,2025-07-11
https://www.immoscoop.be/te-huur/8000-brugge/888394,800,A,2025-07-11
https://www.immoscoop.be/te-huur/8000-brugge/820849,850,B,2025-07-11
https://www.immoscoop.be/te-huur/8200-sint-andries/873147,875,,2025-07-11
https://www.immoscoop.be/te-huur/8200-sint-andries/882732,875,A,2025-07-11
https://www.immoscoop.be/te-huur/8380-zeebrugge/774359,875,B,2025-07-11
https://www.immoscoop.be/te-huur/8310-sint-kruis/883653,675,B,2025-07-12
https://www.immoscoop.be/te-huur/8380-zeebrugge/883669,715,A,2025-07-12
https://www.immoscoop.be/te-huur/8000-brugge/872134,780,B,2025-07-12
https://www.immoscoop.be/te-huur/8200-sint-michiels/874836,800,A,2025-07-12
https://www.immoscoop.be/te-huur/8380-zeebrugge/861143,800,A,2025-07-12
https://www.immoscoop.be/te-huur/8000-brugge/888394,800,A,2025-07-12
https://www.immoscoop.be/te-huur/8000-brugge/820849,850,B,2025-07-12
https://www.immoscoop.be/te-huur/8200-sint-andries/873147,875,,2025-07-12
https://www.immoscoop.be/te-huur/8200-sint-andries/882732,875,A,2025-07-12
https://www.immoscoop.be/te-huur/8380-zeebrugge/774359,875,B,2025-07-12
https://www.immoscoop.be/te-huur/8310-sint-kruis/883653,675,B,2025-07-13
https://www.immoscoop.be/te-huur/8380-zeebrugge/883669,715,A,2025-07-13
https://www.immoscoop.be/te-huur/8380-zeebrugge/889884,800,B,2025-07-13
https://www.immoscoop.be/te-huur/8200-sint-michiels/874836,800,A,2025-07-13
https://www.immoscoop.be/te-huur/8380-zeebrugge/861143,800,A,2025-07-13
https://www.immoscoop.be/te-huur/8000-brugge/888394,800,A,2025-07-13
https://www.immoscoop.be/te-huur/8000-brugge/820849,850,B,2025-07-13
https://www.immoscoop.be/te-huur/8200-sint-andries/873147,875,,2025-07-13
https://www.immoscoop.be/te-huur/8200-sint-andries/882732,875,A,2025-07-13
https://www.immoscoop.be/te-huur/8380-zeebrugge/774359,875,B,2025-07-13
https://www.immoscoop.be/te-huur/8310-sint-kruis/883653,675,B,2025-07-14
https://www.immoscoop.be/te-huur/8380-zeebrugge/883669,715,A,2025-07-14
https://www.immoscoop.be/te-huur/8380-zeebrugge/889884,800,B,2025-07-14
https://www.immoscoop.be/te-huur/8200-sint-michiels/874836,800,A,2025-07-14
https://www.immoscoop.be/te-huur/8380-zeebrugge/861143,800,A,2025-07-14
https://www.immoscoop.be/te-huur/8000-brugge/888394,800,A,2025-07-14
https://www.immoscoop.be/te-huur/8000-brugge/820849,850,B,2025-07-14
https://www.immoscoop.be/te-huur/8200-sint-andries/873147,875,,2025-07-14
https://www.immoscoop.be/te-huur/8200-sint-andries/882732,875,A,2025-07-14
https://www.immoscoop.be/te-huur/8380-zeebrugge/774359,875,B,2025-07-14
https://www.immoscoop.be/te-huur/8310-sint-kruis/883653,675,B,2025-07-15
https://www.immoscoop.be/te-huur/8380-zeebrugge/883669,715,A,2025-07-15
https://www.immoscoop.be/te-huur/8000-brugge/891070,725,B,2025-07-15
https://www.immoscoop.be/te-huur/8380-zeebrugge/889884,800,B,2025-07-15
https://www.immoscoop.be/te-huur/8200-sint-michiels/874836,800,A,2025-07-15
https://www.immoscoop.be/te-huur/8380-zeebrugge/861143,800,A,2025-07-15
https://www.immoscoop.be/te-huur/8000-brugge/888394,800,A,2025-07-15
https://www.immoscoop.be/te-huur/8000-brugge/820849,850,B,2025-07-15
https://www.immoscoop.be/te-huur/8200-sint-andries/873147,875,,2025-07-15
https://www.immoscoop.be/te-huur/8200-sint-andries/882732,875,A,2025-07-15
https://www.immoscoop.be/te-huur/8380-zeebrugge/774359,875,B,2025-07-15
https://www.immoscoop.be/te-huur/8380-zeebrugge/883669,715,A,2025-07-17
https://www.immoscoop.be/te-huur/8000-brugge/891070,725,B,2025-07-17
https://www.immoscoop.be/te-huur/8380-zeebrugge/889884,800,B,2025-07-17
https://www.immoscoop.be/te-huur/8200-sint-michiels/874836,800,A,2025-07-17
https://www.immoscoop.be/te-huur/8380-zeebrugge/861143,800,A,2025-07-17
https://www.immoscoop.be/te-huur/8000-brugge/888394,800,A,2025-07-17
https://www.immoscoop.be/te-huur/8000-brugge/820849,850,B,2025-07-17
https://www.immoscoop.be/te-huur/8200-sint-andries/873147,875,,2025-07-17
https://www.immoscoop.be/te-huur/8200-sint-andries/882732,875,A,2025-07-17
https://www.immoscoop.be/te-huur/8380-zeebrugge/774359,875,B,2025-07-17
https://www.immoscoop.be/te-huur/8380-zeebrugge/883669,715,A,2025-07-20
https://www.immoscoop.be/te-huur/8000-brugge/891070,725,B,2025-07-20
https://www.immoscoop.be/te-huur/8380-zeebrugge/889884,800,B,2025-07-20
https://www.immoscoop.be/te-huur/8200-sint-michiels/874836,800,A,2025-07-20
https://www.immoscoop.be/te-huur/8000-brugge/894981,800,B,2025-07-20
https://www.immoscoop.be/te-huur/8380-zeebrugge/861143,800,A,2025-07-20
https://www.immoscoop.be/te-huur/8000-brugge/888394,800,A,2025-07-20
https://www.immoscoop.be/te-huur/8200-sint-andries/894933,825,B,2025-07-20
https://www.immoscoop.be/te-huur/8000-brugge/820849,850,B,2025-07-20
https://www.immoscoop.be/te-huur/8200-sint-andries/873147,875,,2025-07-20
https://www.immoscoop.be/te-huur/8200-sint-andries/882732,875,A,2025-07-20
https://www.immoscoop.be/te-huur/8380-zeebrugge/774359,875,B,2025-07-20
https://www.immoscoop.be/te-huur/8380-zeebrugge/883669,715,A,2025-07-21
https://www.immoscoop.be/te-huur/8000-brugge/891070,725,B,2025-07-21
https://www.immoscoop.be/te-huur/8380-zeebrugge/889884,800,B,2025-07-21
https://www.immoscoop.be/te-huur/8200-sint-michiels/874836,800,A,2025-07-21
https://www.immoscoop.be/te-huur/8000-brugge/894981,800,B,2025-07-21
https://www.immoscoop.be/te-huur/8380-zeebrugge/861143,800,A,2025-07-21
https://www.immoscoop.be/te-huur/8000-brugge/888394,800,A,2025-07-21
https://www.immoscoop.be/te-huur/8200-sint-andries/894933,825,B,2025-07-21
https://www.immoscoop.be/te-huur/8000-brugge/820849,850,B,2025-07-21
https://www.immoscoop.be/te-huur/8200-sint-andries/873147,875,,2025-07-21
https://www.immoscoop.be/te-huur/8200-sint-andries/882732,875,A,2025-07-21
https://www.immoscoop.be/te-huur/8380-zeebrugge/774359,875,B,2025-07-21
https://www.immoscoop.be/te-huur/8380-zeebrugge/883669,715,A,2025-07-22
https://www.immoscoop.be/te-huur/8000-brugge/891070,725,B,2025-07-22
https://www.immoscoop.be/te-huur/8380-zeebrugge/889884,800,B,2025-07-22
https://www.immoscoop.be/te-huur/8200-sint-michiels/874836,800,A,2025-07-22
https://www.immoscoop.be/te-huur/8000-brugge/894981,800,B,2025-07-22
https://www.immoscoop.be/te-huur/8380-zeebrugge/861143,800,A,2025-07-22
https://www.immoscoop.be/te-huur/8000-brugge/888394,800,A,2025-07-22
https://www.immoscoop.be/te-huur/8200-sint-andries/894933,825,B,2025-07-22
https://www.immoscoop.be/te-huur/8000-brugge/820849,850,B,2025-07-22
https://www.immoscoop.be/te-huur/8200-sint-andries/873147,875,,2025-07-22
https://www.immoscoop.be/te-huur/8200-sint-andries/882732,875,A,2025-07-22
https://www.immoscoop.be/te-huur/8380-zeebrugge/774359,875,B,2025-07-22
https://www.immoscoop.be/te-huur/8380-zeebrugge/883669,715,A,2025-07-23
https://www.immoscoop.be/te-huur/8380-zeebrugge/889884,800,B,2025-07-23
https://www.immoscoop.be/te-huur/8200-sint-michiels/874836,800,A,2025-07-23
https://www.immoscoop.be/te-huur/8000-brugge/894981,800,B,2025-07-23
https://www.immoscoop.be/te-huur/8380-zeebrugge/861143,800,A,2025-07-23
https://www.immoscoop.be/te-huur/8000-brugge/888394,800,A,2025-07-23
https://www.immoscoop.be/te-huur/8200-sint-andries/894933,825,B,2025-07-23
https://www.immoscoop.be/te-huur/8000-brugge/820849,850,B,2025-07-23
https://www.immoscoop.be/te-huur/8200-sint-andries/873147,875,,2025-07-23
https://www.immoscoop.be/te-huur/8200-sint-andries/882732,875,A,2025-07-23
https://www.immoscoop.be/te-huur/8380-zeebrugge/774359,875,B,2025-07-23
https://www.immoscoop.be/te-huur/8310-sint-kruis/897030,675,B,2025-07-25
https://www.immoscoop.be/te-huur/8380-zeebrugge/883669,715,A,2025-07-25
https://www.immoscoop.be/te-huur/8380-zeebrugge/889884,800,B,2025-07-25
https://www.immoscoop.be/te-huur/8000-brugge/894981,800,B,2025-07-25
https://www.immoscoop.be/te-huur/8380-zeebrugge/861143,800,A,2025-07-25
https://www.immoscoop.be/te-huur/8000-brugge/888394,800,A,2025-07-25
https://www.immoscoop.be/te-huur/8200-sint-andries/894933,825,B,2025-07-25
https://www.immoscoop.be/te-huur/8000-brugge/820849,850,B,2025-07-25
https://www.immoscoop.be/te-huur/8200-sint-andries/873147,875,,2025-07-25
https://www.immoscoop.be/te-huur/8200-sint-andries/882732,875,A,2025-07-25
https://www.immoscoop.be/te-huur/8380-zeebrugge/774359,875,B,2025-07-25
https://www.immoscoop.be/te-huur/8310-sint-kruis/897030,675,B,2025-07-26
https://www.immoscoop.be/te-huur/8380-zeebrugge/883669,715,A,2025-07-26
https://www.immoscoop.be/te-huur/8380-zeebrugge/889884,800,B,2025-07-26
https://www.immoscoop.be/te-huur/8000-brugge/894981,800,B,2025-07-26
https://www.immoscoop.be/te-huur/8380-zeebrugge/861143,800,A,2025-07-26
https://www.immoscoop.be/te-huur/8200-sint-andries/873147,875,,2025-07-26
https://www.immoscoop.be/te-huur/8380-zeebrugge/774359,875,B,2025-07-26
https://www.immoscoop.be/te-huur/8200-sint-andries/882732,875,A,2025-07-26
https://www.immoscoop.be/te-huur/8310-sint-kruis/897030,675,B,2025-07-27
https://www.immoscoop.be/te-huur/8380-zeebrugge/883669,715,A,2025-07-27
https://www.immoscoop.be/te-huur/8380-zeebrugge/889884,800,B,2025-07-27
https://www.immoscoop.be/te-huur/8000-brugge/894981,800,B,2025-07-27
https://www.immoscoop.be/te-huur/8380-zeebrugge/861143,800,A,2025-07-27
https://www.immoscoop.be/te-huur/8200-sint-andries/873147,875,,2025-07-27
https://www.immoscoop.be/te-huur/8380-zeebrugge/774359,875,B,2025-07-27
https://www.immoscoop.be/te-huur/8200-sint-andries/882732,875,A,2025-07-27
https://www.immoscoop.be/te-huur/8310-sint-kruis/897030,675,B,2025-07-28
https://www.immoscoop.be/te-huur/8380-zeebrugge/883669,715,A,2025-07-28
https://www.immoscoop.be/te-huur/8380-zeebrugge/889884,800,B,2025-07-28
https://www.immoscoop.be/te-huur/8000-brugge/894981,800,B,2025-07-28
https://www.immoscoop.be/te-huur/8380-zeebrugge/861143,800,A,2025-07-28
https://www.immoscoop.be/te-huur/8200-sint-andries/873147,875,,2025-07-28
https://www.immoscoop.be/te-huur/8380-zeebrugge/774359,875,B,2025-07-28
https://www.immoscoop.be/te-huur/8200-sint-andries/882732,875,A,2025-07-28
https://www.immoscoop.be/te-huur/8310-sint-kruis/897030,675,B,2025-07-29
https://www.immoscoop.be/te-huur/8380-zeebrugge/883669,715,A,2025-07-29
https://www.immoscoop.be/te-huur/8380-zeebrugge/889884,800,B,2025-07-29
https://www.immoscoop.be/te-huur/8000-brugge/894981,800,B,2025-07-29
https://www.immoscoop.be/te-huur/8380-zeebrugge/861143,800,A,2025-07-29
https://www.immoscoop.be/te-huur/8200-sint-andries/873147,875,,2025-07-29
https://www.immoscoop.be/te-huur/8380-zeebrugge/774359,875,B,2025-07-29
https://www.immoscoop.be/te-huur/8200-sint-andries/882732,875,A,2025-07-29
https://www.immoscoop.be/te-huur/8310-sint-kruis/897030,675,B,2025-07-30
https://www.immoscoop.be/te-huur/8380-zeebrugge/883669,715,A,2025-07-30
https://www.immoscoop.be/te-huur/8380-zeebrugge/889884,800,B,2025-07-30
https://www.immoscoop.be/te-huur/8000-brugge/894981,800,B,2025-07-30
https://www.immoscoop.be/te-huur/8380-zeebrugge/861143,800,A,2025-07-30
https://www.immoscoop.be/te-huur/8200-sint-andries/873147,875,,2025-07-30
https://www.immoscoop.be/te-huur/8200-sint-andries/882732,875,A,2025-07-30
https://www.immoscoop.be/te-huur/8000-brugge/901378,900,A,2025-07-30
https://www.immoscoop.be/te-huur/8380-zeebrugge/883669,715,A,2025-07-31
https://www.immoscoop.be/te-huur/8380-zeebrugge/889884,800,B,2025-07-31
https://www.immoscoop.be/te-huur/8000-brugge/894981,800,B,2025-07-31
https://www.immoscoop.be/te-huur/8380-zeebrugge/861143,800,A,2025-07-31
https://www.immoscoop.be/te-huur/8200-sint-andries/873147,875,,2025-07-31
https://www.immoscoop.be/te-huur/8200-sint-andries/882732,875,A,2025-07-31
https://www.immoscoop.be/te-huur/8000-brugge/901378,900,A,2025-07-31
https://www.immoscoop.be/te-huur/8380-zeebrugge/883669,715,A,2025-08-01
https://www.immoscoop.be/te-huur/8380-zeebrugge/889884,800,B,2025-08-01
https://www.immoscoop.be/te-huur/8000-brugge/894981,800,B,2025-08-01
https://www.immoscoop.be/te-huur/8380-zeebrugge/861143,800,A,2025-08-01
https://www.immoscoop.be/te-huur/8200-sint-andries/873147,875,,2025-08-01
https://www.immoscoop.be/te-huur/8200-sint-andries/882732,875,A,2025-08-01
https://www.immoscoop.be/te-huur/8000-brugge/901378,900,A,2025-08-01
https://www.immoscoop.be/te-huur/8380-zeebrugge/883669,715,A,2025-08-02
https://www.immoscoop.be/te-huur/8380-zeebrugge/889884,800,B,2025-08-02
https://www.immoscoop.be/te-huur/8000-brugge/894981,800,B,2025-08-02
https://www.immoscoop.be/te-huur/8380-zeebrugge/861143,800,A,2025-08-02
https://www.immoscoop.be/te-huur/8200-sint-andries/873147,875,,2025-08-02
https://www.immoscoop.be/te-huur/8200-sint-andries/882732,875,A,2025-08-02
https://www.immoscoop.be/te-huur/8000-brugge/901378,900,A,2025-08-02
https://www.immoscoop.be/te-huur/8380-zeebrugge/883669,715,A,2025-08-03
https://www.immoscoop.be/te-huur/8380-zeebrugge/889884,800,B,2025-08-03
https://www.immoscoop.be/te-huur/8000-brugge/894981,800,B,2025-08-03
https://www.immoscoop.be/te-huur/8380-zeebrugge/861143,800,A,2025-08-03
https://www.immoscoop.be/te-huur/8200-sint-andries/873147,875,,2025-08-03
https://www.immoscoop.be/te-huur/8200-sint-andries/882732,875,A,2025-08-03
https://www.immoscoop.be/te-huur/8000-brugge/901378,900,A,2025-08-03
https://www.immoscoop.be/te-huur/8380-zeebrugge/883669,715,A,2025-08-04
https://www.immoscoop.be/te-huur/8380-zeebrugge/889884,800,B,2025-08-04
https://www.immoscoop.be/te-huur/8000-brugge/894981,800,B,2025-08-04
https://www.immoscoop.be/te-huur/8380-zeebrugge/861143,800,A,2025-08-04
https://www.immoscoop.be/te-huur/8200-sint-andries/873147,875,,2025-08-04
https://www.immoscoop.be/te-huur/8200-sint-andries/882732,875,A,2025-08-04
https://www.immoscoop.be/te-huur/8000-brugge/901378,900,A,2025-08-04
https://www.immoscoop.be/te-huur/8380-zeebrugge/883669,715,A,2025-08-05
https://www.immoscoop.be/te-huur/8380-zeebrugge/889884,800,B,2025-08-05
https://www.immoscoop.be/te-huur/8000-brugge/894981,800,B,2025-08-05
https://www.immoscoop.be/te-huur/8380-zeebrugge/861143,800,A,2025-08-05
https://www.immoscoop.be/te-huur/8200-sint-andries/873147,875,,2025-08-05
https://www.immoscoop.be/te-huur/8200-sint-andries/882732,875,A,2025-08-05
https://www.immoscoop.be/te-huur/8000-brugge/901378,900,A,2025-08-05
https://www.immoscoop.be/te-huur/8380-zeebrugge/883669,715,A,2025-08-06
https://www.immoscoop.be/te-huur/8380-zeebrugge/889884,800,B,2025-08-06
https://www.immoscoop.be/te-huur/8000-brugge/894981,800,B,2025-08-06
https://www.immoscoop.be/te-huur/8380-zeebrugge/861143,800,A,2025-08-06
https://www.immoscoop.be/te-huur/8200-sint-andries/873147,875,,2025-08-06
https://www.immoscoop.be/te-huur/8200-sint-andries/882732,875,A,2025-08-06
https://www.immoscoop.be/te-huur/8000-brugge/901378,900,A,2025-08-06
https://www.immoscoop.be/te-huur/8380-zeebrugge/883669,715,A,2025-08-07
https://www.immoscoop.be/te-huur/8000-brugge/894981,800,B,2025-08-07
https://www.immoscoop.be/te-huur/8380-zeebrugge/861143,800,A,2025-08-07
https://www.immoscoop.be/te-huur/8200-sint-andries/873147,875,,2025-08-07
https://www.immoscoop.be/te-huur/8200-sint-andries/882732,875,A,2025-08-07
https://www.immoscoop.be/te-huur/8000-brugge/901378,900,A,2025-08-07
https://www.immoscoop.be/te-huur/8380-zeebrugge/883669,715,A,2025-08-08
https://www.immoscoop.be/te-huur/8000-brugge/894981,800,B,2025-08-08
https://www.immoscoop.be/te-huur/8380-zeebrugge/861143,800,A,2025-08-08
https://www.immoscoop.be/te-huur/8200-sint-andries/873147,875,B,2025-08-08
https://www.immoscoop.be/te-huur/8200-sint-andries/882732,875,A,2025-08-08
https://www.immoscoop.be/te-huur/8000-brugge/901378,900,A,2025-08-08
https://www.immoscoop.be/te-huur/8380-zeebrugge/883669,715,A,2025-08-09
https://www.immoscoop.be/te-huur/8000-brugge/894981,800,B,2025-08-09
https://www.immoscoop.be/te-huur/8380-zeebrugge/861143,800,A,2025-08-09
https://www.immoscoop.be/te-huur/8200-sint-andries/873147,875,B,2025-08-09
https://www.immoscoop.be/te-huur/8200-sint-andries/882732,875,A,2025-08-09
https://www.immoscoop.be/te-huur/8000-brugge/901378,900,A,2025-08-09
https://www.immoscoop.be/te-huur/8380-zeebrugge/883669,715,A,2025-08-10
https://www.immoscoop.be/te-huur/8380-zeebrugge/910220,740,B,2025-08-10
https://www.immoscoop.be/te-huur/8000-brugge/894981,800,B,2025-08-10
https://www.immoscoop.be/te-huur/8380-zeebrugge/861143,800,A,2025-08-10
https://www.immoscoop.be/te-huur/8200-sint-andries/873147,875,B,2025-08-10
https://www.immoscoop.be/te-huur/8200-sint-andries/882732,875,A,2025-08-10
https://www.immoscoop.be/te-huur/8000-brugge/901378,900,A,2025-08-10
https://www.immoscoop.be/te-huur/8380-zeebrugge/883669,715,A,2025-08-11
https://www.immoscoop.be/te-huur/8380-zeebrugge/910220,740,B,2025-08-11
https://www.immoscoop.be/te-huur/8000-brugge/894981,800,B,2025-08-11
https://www.immoscoop.be/te-huur/8380-zeebrugge/861143,800,A,2025-08-11
https://www.immoscoop.be/te-huur/8200-sint-andries/873147,875,B,2025-08-11
https://www.immoscoop.be/te-huur/8200-sint-andries/882732,875,A,2025-08-11
https://www.immoscoop.be/te-huur/8000-brugge/901378,900,A,2025-08-11
https://www.immoscoop.be/te-huur/8380-zeebrugge/883669,715,A,2025-08-12
https://www.immoscoop.be/te-huur/8380-zeebrugge/911208,720,B,2025-08-12
https://www.immoscoop.be/te-huur/8380-zeebrugge/910220,740,B,2025-08-12
https://www.immoscoop.be/te-huur/8000-brugge/894981,800,B,2025-08-12
https://www.immoscoop.be/te-huur/8380-zeebrugge/861143,800,A,2025-08-12
https://www.immoscoop.be/te-huur/8200-sint-andries/873147,875,B,2025-08-12
https://www.immoscoop.be/te-huur/8200-sint-andries/882732,875,A,2025-08-12
https://www.immoscoop.be/te-huur/8000-brugge/901378,900,A,2025-08-12
https://www.immoscoop.be/te-huur/8380-zeebrugge/883669,715,A,2025-08-14
https://www.immoscoop.be/te-huur/8380-zeebrugge/911208,720,B,2025-08-14
https://www.immoscoop.be/te-huur/8380-zeebrugge/910220,740,B,2025-08-14
https://www.immoscoop.be/te-huur/8000-brugge/894981,800,B,2025-08-14
https://www.immoscoop.be/te-huur/8380-zeebrugge/861143,800,A,2025-08-14
https://www.immoscoop.be/te-huur/8200-sint-andries/873147,875,B,2025-08-14
https://www.immoscoop.be/te-huur/8200-sint-andries/882732,875,A,2025-08-14
https://www.immoscoop.be/te-huur/8380-zeebrugge/883669,715,A,2025-08-15
https://www.immoscoop.be/te-huur/8380-zeebrugge/911208,720,B,2025-08-15
https://www.immoscoop.be/te-huur/8380-zeebrugge/910220,740,B,2025-08-15
https://www.immoscoop.be/te-huur/8000-brugge/913460,750,A,2025-08-15
https://www.immoscoop.be/te-huur/8000-brugge/894981,800,B,2025-08-15
https://www.immoscoop.be/te-huur/8380-zeebrugge/861143,800,A,2025-08-15
https://www.immoscoop.be/te-huur/8200-sint-andries/873147,875,B,2025-08-15
https://www.immoscoop.be/te-huur/8200-sint-andries/882732,875,A,2025-08-15
https://www.immoscoop.be/te-huur/8380-zeebrugge/883669,715,A,2025-08-16
https://www.immoscoop.be/te-huur/8380-zeebrugge/911208,720,B,2025-08-16
https://www.immoscoop.be/te-huur/8380-zeebrugge/910220,740,B,2025-08-16
https://www.immoscoop.be/te-huur/8000-brugge/913460,750,A,2025-08-16
https://www.immoscoop.be/te-huur/8000-brugge/894981,800,B,2025-08-16
https://www.immoscoop.be/te-huur/8380-zeebrugge/861143,800,A,2025-08-16
https://www.immoscoop.be/te-huur/8200-sint-andries/873147,875,B,2025-08-16
https://www.immoscoop.be/te-huur/8200-sint-andries/882732,875,A,2025-08-16
https://www.immoscoop.be/te-huur/8380-zeebrugge/883669,715,A,2025-08-17
https://www.immoscoop.be/te-huur/8380-zeebrugge/911208,720,B,2025-08-17
https://www.immoscoop.be/te-huur/8380-zeebrugge/910220,740,B,2025-08-17
https://www.immoscoop.be/te-huur/8000-brugge/913460,750,A,2025-08-17
https://www.immoscoop.be/te-huur/8000-brugge/894981,800,B,2025-08-17
https://www.immoscoop.be/te-huur/8380-zeebrugge/861143,800,A,2025-08-17
https://www.immoscoop.be/te-huur/8200-sint-andries/873147,875,B,2025-08-17
https://www.immoscoop.be/te-huur/8200-sint-andries/882732,875,A,2025-08-17
https://www.immoscoop.be/te-huur/8380-zeebrugge/883669,715,A,2025-08-18
https://www.immoscoop.be/te-huur/8380-zeebrugge/911208,720,B,2025-08-18
https://www.immoscoop.be/te-huur/8380-zeebrugge/910220,740,B,2025-08-18
https://www.immoscoop.be/te-huur/8000-brugge/913460,750,A,2025-08-18
https://www.immoscoop.be/te-huur/8000-brugge/894981,800,B,2025-08-18
https://www.immoscoop.be/te-huur/8380-zeebrugge/861143,800,A,2025-08-18
https://www.immoscoop.be/te-huur/8200-sint-andries/873147,875,B,2025-08-18
https://www.immoscoop.be/te-huur/8200-sint-andries/882732,875,A,2025-08-18
https://www.immoscoop.be/te-huur/8380-zeebrugge/883669,715,A,2025-08-19
https://www.immoscoop.be/te-huur/8380-zeebrugge/911208,720,B,2025-08-19
https://www.immoscoop.be/te-huur/8380-zeebrugge/910220,740,B,2025-08-19
https://www.immoscoop.be/te-huur/8000-brugge/913460,750,A,2025-08-19
https://www.immoscoop.be/te-huur/8000-brugge/915656,795,B,2025-08-19
https://www.immoscoop.be/te-huur/8000-brugge/894981,800,B,2025-08-19
https://www.immoscoop.be/te-huur/8380-zeebrugge/861143,800,A,2025-08-19
https://www.immoscoop.be/te-huur/8200-sint-andries/873147,875,B,2025-08-19
https://www.immoscoop.be/te-huur/8200-sint-andries/882732,875,A,2025-08-19
https://www.immoscoop.be/te-huur/8380-zeebrugge/883669,715,A,2025-08-21
https://www.immoscoop.be/te-huur/8380-zeebrugge/911208,720,B,2025-08-21
https://www.immoscoop.be/te-huur/8380-zeebrugge/910220,740,B,2025-08-21
https://www.immoscoop.be/te-huur/8000-brugge/913460,750,A,2025-08-21
https://www.immoscoop.be/te-huur/8000-brugge/915656,795,B,2025-08-21
https://www.immoscoop.be/te-huur/8000-brugge/894981,800,B,2025-08-21
https://www.immoscoop.be/te-huur/8200-sint-andries/916167,825,A,2025-08-21
https://www.immoscoop.be/te-huur/8200-sint-andries/873147,875,B,2025-08-21
https://www.immoscoop.be/te-huur/8200-sint-andries/882732,875,A,2025-08-21
https://www.immoscoop.be/te-huur/8380-zeebrugge/883669,715,A,2025-08-22
https://www.immoscoop.be/te-huur/8380-zeebrugge/911208,720,B,2025-08-22
https://www.immoscoop.be/te-huur/8380-zeebrugge/910220,740,B,2025-08-22
https://www.immoscoop.be/te-huur/8000-brugge/913460,750,A,2025-08-22
https://www.immoscoop.be/te-huur/8000-brugge/915656,795,B,2025-08-22
https://www.immoscoop.be/te-huur/8000-brugge/894981,800,B,2025-08-22
https://www.immoscoop.be/te-huur/8200-sint-andries/916167,825,A,2025-08-22
https://www.immoscoop.be/te-huur/8200-sint-michiels/918573,850,A,2025-08-22
https://www.immoscoop.be/te-huur/8200-sint-andries/873147,875,B,2025-08-22
https://www.immoscoop.be/te-huur/8200-sint-andries/882732,875,A,2025-08-22
https://www.immoscoop.be/te-huur/8380-zeebrugge/883669,715,A,2025-08-23
https://www.immoscoop.be/te-huur/8380-zeebrugge/911208,720,B,2025-08-23
https://www.immoscoop.be/te-huur/8380-zeebrugge/910220,740,B,2025-08-23
https://www.immoscoop.be/te-huur/8000-brugge/913460,750,A,2025-08-23
https://www.immoscoop.be/te-huur/8000-brugge/915656,795,B,2025-08-23
https://www.immoscoop.be/te-huur/8000-brugge/894981,800,B,2025-08-23
https://www.immoscoop.be/te-huur/8200-sint-andries/916167,825,A,2025-08-23
https://www.immoscoop.be/te-huur/8200-sint-michiels/918573,850,A,2025-08-23
https://www.immoscoop.be/te-huur/8200-sint-andries/873147,875,B,2025-08-23
https://www.immoscoop.be/te-huur/8200-sint-andries/882732,875,A,2025-08-23
https://www.immoscoop.be/te-huur/8380-zeebrugge/883669,715,A,2025-08-24
https://www.immoscoop.be/te-huur/8380-zeebrugge/911208,720,B,2025-08-24
https://www.immoscoop.be/te-huur/8380-zeebrugge/910220,740,B,2025-08-24
https://www.immoscoop.be/te-huur/8000-brugge/913460,750,A,2025-08-24
https://www.immoscoop.be/te-huur/8000-brugge/915656,795,B,2025-08-24
https://www.immoscoop.be/te-huur/8000-brugge/894981,800,B,2025-08-24
https://www.immoscoop.be/te-huur/8200-sint-andries/920986,820,B,2025-08-24
https://www.immoscoop.be/te-huur/8200-sint-andries/916167,825,A,2025-08-24
https://www.immoscoop.be/te-huur/8200-sint-michiels/918573,850,A,2025-08-24
https://www.immoscoop.be/te-huur/8200-sint-andries/873147,875,B,2025-08-24
https://www.immoscoop.be/te-huur/8200-sint-andries/882732,875,A,2025-08-24
https://www.immoscoop.be/te-huur/8380-zeebrugge/883669,715,A,2025-08-25
https://www.immoscoop.be/te-huur/8380-zeebrugge/911208,720,B,2025-08-25
https://www.immoscoop.be/te-huur/8380-zeebrugge/910220,740,B,2025-08-25
https://www.immoscoop.be/te-huur/8000-brugge/913460,750,A,2025-08-25
https://www.immoscoop.be/te-huur/8000-brugge/915656,795,B,2025-08-25
https://www.immoscoop.be/te-huur/8000-brugge/894981,800,B,2025-08-25
https://www.immoscoop.be/te-huur/8200-sint-andries/920986,820,B,2025-08-25
https://www.immoscoop.be/te-huur/8200-sint-andries/916167,825,A,2025-08-25
https://www.immoscoop.be/te-huur/8200-sint-michiels/918573,850,A,2025-08-25
https://www.immoscoop.be/te-huur/8200-sint-andries/873147,875,B,2025-08-25
https://www.immoscoop.be/te-huur/8200-sint-andries/882732,875,A,2025-08-25
https://www.immoscoop.be/te-huur/8380-zeebrugge/911208,720,B,2025-08-27
https://www.immoscoop.be/te-huur/8310-assebroek/921460,730,B,2025-08-27
https://www.immoscoop.be/te-huur/8380-zeebrugge/910220,740,B,2025-08-27
https://www.immoscoop.be/te-huur/8000-brugge/913460,750,A,2025-08-27
https://www.immoscoop.be/te-huur/8200-sint-andries/921928,750,B,2025-08-27
https://www.immoscoop.be/te-huur/8000-brugge/915656,795,B,2025-08-27
https://www.immoscoop.be/te-huur/8000-brugge/894981,800,B,2025-08-27
https://www.immoscoop.be/te-huur/8200-sint-andries/920986,820,B,2025-08-27
https://www.immoscoop.be/te-huur/8200-sint-andries/916167,825,A,2025-08-27
https://www.immoscoop.be/te-huur/8200-sint-michiels/918573,850,A,2025-08-27
https://www.immoscoop.be/te-huur/8200-sint-andries/873147,875,B,2025-08-27
https://www.immoscoop.be/te-huur/8200-sint-andries/882732,875,A,2025-08-27
https://www.immoscoop.be/te-huur/8380-zeebrugge/911208,720,B,2025-08-28
https://www.immoscoop.be/te-huur/8310-assebroek/921460,730,B,2025-08-28
https://www.immoscoop.be/te-huur/8380-zeebrugge/910220,740,B,2025-08-28
https://www.immoscoop.be/te-huur/8000-brugge/913460,750,A,2025-08-28
https://www.immoscoop.be/te-huur/8000-brugge/922486,750,B,2025-08-28
https://www.immoscoop.be/te-huur/8200-sint-andries/921928,750,B,2025-08-28
https://www.immoscoop.be/te-huur/8000-brugge/915656,795,B,2025-08-28
https://www.immoscoop.be/te-huur/8000-brugge/894981,800,B,2025-08-28
https://www.immoscoop.be/te-huur/8200-sint-andries/920986,820,B,2025-08-28
https://www.immoscoop.be/te-huur/8200-sint-andries/916167,825,A,2025-08-28
https://www.immoscoop.be/te-huur/8200-sint-michiels/918573,850,A,2025-08-28
https://www.immoscoop.be/te-huur/8200-sint-andries/873147,875,B,2025-08-28
https://www.immoscoop.be/te-huur/8200-sint-andries/882732,875,A,2025-08-28
https://www.immoscoop.be/te-huur/8380-zeebrugge/911208,720,B,2025-09-01
https://www.immoscoop.be/te-huur/8310-assebroek/921460,730,B,2025-09-01
https://www.immoscoop.be/te-huur/8380-zeebrugge/910220,740,B,2025-09-01
https://www.immoscoop.be/te-huur/8000-brugge/913460,750,A,2025-09-01
https://www.immoscoop.be/te-huur/8000-brugge/922486,750,B,2025-09-01
https://www.immoscoop.be/te-huur/8200-sint-andries/921928,750,B,2025-09-01
https://www.immoscoop.be/te-huur/8310-sint-kruis/925148,775,B,2025-09-01
https://www.immoscoop.be/te-huur/8000-brugge/915656,795,B,2025-09-01
https://www.immoscoop.be/te-huur/8000-brugge/894981,800,B,2025-09-01
https://www.immoscoop.be/te-huur/8200-sint-andries/920986,820,B,2025-09-01
https://www.immoscoop.be/te-huur/8200-sint-michiels/918573,850,A,2025-09-01
https://www.immoscoop.be/te-huur/8200-sint-andries/873147,875,B,2025-09-01
https://www.immoscoop.be/te-huur/8200-sint-andries/882732,875,A,2025-09-01
https://www.immoscoop.be/te-huur/8380-zeebrugge/911208,720,B,2025-09-02
https://www.immoscoop.be/te-huur/8310-assebroek/921460,730,B,2025-09-02
https://www.immoscoop.be/te-huur/8380-zeebrugge/910220,740,B,2025-09-02
https://www.immoscoop.be/te-huur/8000-brugge/913460,750,A,2025-09-02
https://www.immoscoop.be/te-huur/8000-brugge/922486,750,B,2025-09-02
https://www.immoscoop.be/te-huur/8200-sint-andries/921928,750,B,2025-09-02
https://www.immoscoop.be/te-huur/8310-sint-kruis/925148,775,B,2025-09-02
https://www.immoscoop.be/te-huur/8000-brugge/915656,795,B,2025-09-02
https://www.immoscoop.be/te-huur/8000-brugge/894981,800,B,2025-09-02
https://www.immoscoop.be/te-huur/8200-sint-andries/920986,820,B,2025-09-02
https://www.immoscoop.be/te-huur/8200-sint-michiels/918573,850,A,2025-09-02
https://www.immoscoop.be/te-huur/8200-sint-andries/873147,875,B,2025-09-02
https://www.immoscoop.be/te-huur/8200-sint-andries/882732,875,A,2025-09-02
https://www.immoscoop.be/te-huur/8380-zeebrugge/911208,720,B,2025-09-03
https://www.immoscoop.be/te-huur/8310-assebroek/921460,730,B,2025-09-03
https://www.immoscoop.be/te-huur/8380-zeebrugge/910220,740,B,2025-09-03
https://www.immoscoop.be/te-huur/8000-brugge/913460,750,A,2025-09-03
https://www.immoscoop.be/te-huur/8000-brugge/922486,750,B,2025-09-03
https://www.immoscoop.be/te-huur/8200-sint-andries/921928,750,B,2025-09-03
https://www.immoscoop.be/te-huur/8310-sint-kruis/925148,775,B,2025-09-03
https://www.immoscoop.be/te-huur/8000-brugge/915656,795,B,2025-09-03
https://www.immoscoop.be/te-huur/8000-brugge/894981,800,B,2025-09-03
https://www.immoscoop.be/te-huur/8200-sint-andries/920986,820,B,2025-09-03
https://www.immoscoop.be/te-huur/8200-sint-michiels/918573,850,A,2025-09-03
https://www.immoscoop.be/te-huur/8200-sint-andries/873147,875,B,2025-09-03
https://www.immoscoop.be/te-huur/8200-sint-andries/882732,875,A,2025-09-03
https://www.immoscoop.be/te-huur/8000-brugge/929706,560,B,2025-09-04
https://www.immoscoop.be/te-huur/8380-zeebrugge/911208,720,B,2025-09-04
https://www.immoscoop.be/te-huur/8310-assebroek/921460,730,B,2025-09-04
https://www.immoscoop.be/te-huur/8380-zeebrugge/910220,740,B,2025-09-04
https://www.immoscoop.be/te-huur/8000-brugge/913460,750,A,2025-09-04
https://www.immoscoop.be/te-huur/8000-brugge/922486,750,B,2025-09-04
https://www.immoscoop.be/te-huur/8000-brugge/929693,750,A,2025-09-04
https://www.immoscoop.be/te-huur/8200-sint-andries/921928,750,B,2025-09-04
https://www.immoscoop.be/te-huur/8310-sint-kruis/925148,775,B,2025-09-04
https://www.immoscoop.be/te-huur/8000-brugge/915656,795,B,2025-09-04
https://www.immoscoop.be/te-huur/8000-brugge/894981,800,B,2025-09-04
https://www.immoscoop.be/te-huur/8000-brugge/929705,820,A,2025-09-04
https://www.immoscoop.be/te-huur/8200-sint-michiels/918573,850,A,2025-09-04
https://www.immoscoop.be/te-huur/8200-sint-andries/873147,875,B,2025-09-04
https://www.immoscoop.be/te-huur/8200-sint-andries/882732,875,A,2025-09-04
https://www.immoscoop.be/te-huur/8000-brugge/929706,560,B,2025-09-07
https://www.immoscoop.be/te-huur/8380-zeebrugge/911208,720,B,2025-09-07
https://www.immoscoop.be/te-huur/8310-assebroek/921460,730,B,2025-09-07
https://www.immoscoop.be/te-huur/8380-zeebrugge/910220,740,B,2025-09-07
https://www.immoscoop.be/te-huur/8000-brugge/922486,750,B,2025-09-07
https://www.immoscoop.be/te-huur/8000-brugge/929693,750,A,2025-09-07
https://www.immoscoop.be/te-huur/8200-sint-andries/921928,750,B,2025-09-07
https://www.immoscoop.be/te-huur/8310-sint-kruis/925148,775,B,2025-09-07
https://www.immoscoop.be/te-huur/8000-brugge/915656,795,B,2025-09-07
https://www.immoscoop.be/te-huur/8000-brugge/894981,800,B,2025-09-07
https://www.immoscoop.be/te-huur/8000-brugge/929705,820,A,2025-09-07
https://www.immoscoop.be/te-huur/8200-sint-andries/873147,875,B,2025-09-07
https://www.immoscoop.be/te-huur/8200-sint-andries/882732,875,A,2025-09-07
https://www.immoscoop.be/te-huur/8000-brugge/929706,560,B,2025-09-08
https://www.immoscoop.be/te-huur/8380-zeebrugge/911208,720,B,2025-09-08
https://www.immoscoop.be/te-huur/8310-assebroek/921460,730,B,2025-09-08
https://www.immoscoop.be/te-huur/8380-zeebrugge/910220,740,B,2025-09-08
https://www.immoscoop.be/te-huur/8000-brugge/922486,750,B,2025-09-08
https://www.immoscoop.be/te-huur/8000-brugge/929693,750,A,2025-09-08
https://www.immoscoop.be/te-huur/8200-sint-andries/921928,750,B,2025-09-08
https://www.immoscoop.be/te-huur/8310-sint-kruis/925148,775,B,2025-09-08
https://www.immoscoop.be/te-huur/8000-brugge/915656,795,B,2025-09-08
https://www.immoscoop.be/te-huur/8000-brugge/894981,800,B,2025-09-08
https://www.immoscoop.be/te-huur/8000-brugge/929705,820,A,2025-09-08
https://www.immoscoop.be/te-huur/8200-sint-andries/873147,875,B,2025-09-08
https://www.immoscoop.be/te-huur/8200-sint-andries/882732,875,A,2025-09-08
https://www.immoscoop.be/te-huur/8000-brugge/929706,560,B,2025-09-10
https://www.immoscoop.be/te-huur/8310-assebroek/921460,730,B,2025-09-10
https://www.immoscoop.be/te-huur/8380-zeebrugge/910220,740,B,2025-09-10
https://www.immoscoop.be/te-huur/8000-brugge/922486,750,B,2025-09-10
https://www.immoscoop.be/te-huur/8000-brugge/929693,750,A,2025-09-10
https://www.immoscoop.be/te-huur/8200-sint-andries/921928,750,B,2025-09-10
https://www.immoscoop.be/te-huur/8310-sint-kruis/925148,775,B,2025-09-10
https://www.immoscoop.be/te-huur/8000-brugge/915656,795,B,2025-09-10
https://www.immoscoop.be/te-huur/8000-brugge/894981,800,B,2025-09-10
https://www.immoscoop.be/te-huur/8000-brugge/929705,820,A,2025-09-10
https://www.immoscoop.be/te-huur/8200-sint-andries/873147,875,B,2025-09-10
https://www.immoscoop.be/te-huur/8200-sint-andries/882732,875,A,2025-09-10
https://www.immoscoop.be/te-huur/8000-brugge/929706,560,B,2025-09-12
https://www.immoscoop.be/te-huur/8310-assebroek/921460,730,B,2025-09-12
https://www.immoscoop.be/te-huur/8380-zeebrugge/910220,740,B,2025-09-12
https://www.immoscoop.be/te-huur/8000-brugge/937932,750,B,2025-09-12
https://www.immoscoop.be/te-huur/8000-brugge/922486,750,B,2025-09-12
https://www.immoscoop.be/te-huur/8000-brugge/929693,750,A,2025-09-12
https://www.immoscoop.be/te-huur/8200-sint-andries/921928,750,B,2025-09-12
https://www.immoscoop.be/te-huur/8310-sint-kruis/925148,775,B,2025-09-12
https://www.immoscoop.be/te-huur/8000-brugge/915656,795,B,2025-09-12
https://www.immoscoop.be/te-huur/8380-zeebrugge/936363,800,A,2025-09-12
https://www.immoscoop.be/te-huur/8000-brugge/894981,800,B,2025-09-12
https://www.immoscoop.be/te-huur/8000-brugge/929705,820,A,2025-09-12
https://www.immoscoop.be/te-huur/8200-sint-andries/873147,875,B,2025-09-12
https://www.immoscoop.be/te-huur/8200-sint-andries/882732,875,A,2025-09-12
https://www.immoscoop.be/te-huur/8000-brugge/929706,560,B,2025-09-13
https://www.immoscoop.be/te-huur/8310-assebroek/921460,730,B,2025-09-13
https://www.immoscoop.be/te-huur/8380-zeebrugge/910220,740,B,2025-09-13
https://www.immoscoop.be/te-huur/8000-brugge/937932,750,B,2025-09-13
https://www.immoscoop.be/te-huur/8000-brugge/922486,750,B,2025-09-13
https://www.immoscoop.be/te-huur/8000-brugge/929693,750,A,2025-09-13
https://www.immoscoop.be/te-huur/8200-sint-andries/921928,750,B,2025-09-13
https://www.immoscoop.be/te-huur/8000-brugge/915656,795,B,2025-09-13
https://www.immoscoop.be/te-huur/8380-zeebrugge/936363,800,A,2025-09-13
https://www.immoscoop.be/te-huur/8000-brugge/894981,800,B,2025-09-13
https://www.immoscoop.be/te-huur/8000-brugge/929705,820,A,2025-09-13
https://www.immoscoop.be/te-huur/8200-sint-andries/873147,875,B,2025-09-13
https://www.immoscoop.be/te-huur/8200-sint-andries/882732,875,A,2025-09-13
https://www.immoscoop.be/te-huur/8000-brugge/929706,560,B,2025-09-15
https://www.immoscoop.be/te-huur/8310-assebroek/921460,730,B,2025-09-15
https://www.immoscoop.be/te-huur/8380-zeebrugge/910220,740,B,2025-09-15
https://www.immoscoop.be/te-huur/8000-brugge/937932,750,B,2025-09-15
https://www.immoscoop.be/te-huur/8000-brugge/922486,750,B,2025-09-15
https://www.immoscoop.be/te-huur/8000-brugge/929693,750,A,2025-09-15
https://www.immoscoop.be/te-huur/8200-sint-andries/921928,750,B,2025-09-15
https://www.immoscoop.be/te-huur/8000-brugge/915656,795,B,2025-09-15
https://www.immoscoop.be/te-huur/8380-zeebrugge/936363,800,A,2025-09-15
https://www.immoscoop.be/te-huur/8000-brugge/894981,800,B,2025-09-15
https://www.immoscoop.be/te-huur/8000-brugge/929705,820,A,2025-09-15
https://www.immoscoop.be/te-huur/8200-sint-andries/873147,875,B,2025-09-15
https://www.immoscoop.be/te-huur/8200-sint-andries/882732,875,A,2025-09-15
https://www.immoscoop.be/te-huur/8000-brugge/929706,560,B,2025-09-16
https://www.immoscoop.be/te-huur/8310-assebroek/921460,730,B,2025-09-16
https://www.immoscoop.be/te-huur/8380-zeebrugge/910220,740,B,2025-09-16
https://www.immoscoop.be/te-huur/8000-brugge/937932,750,B,2025-09-16
https://www.immoscoop.be/te-huur/8000-brugge/922486,750,B,2025-09-16
https://www.immoscoop.be/te-huur/8000-brugge/929693,750,A,2025-09-16
https://www.immoscoop.be/te-huur/8200-sint-andries/921928,750,B,2025-09-16
https://www.immoscoop.be/te-huur/8000-brugge/915656,795,B,2025-09-16
https://www.immoscoop.be/te-huur/8380-zeebrugge/936363,800,A,2025-09-16
https://www.immoscoop.be/te-huur/8000-brugge/894981,800,B,2025-09-16
https://www.immoscoop.be/te-huur/8000-brugge/929705,820,A,2025-09-16
https://www.immoscoop.be/te-huur/8200-sint-andries/873147,875,B,2025-09-16
https://www.immoscoop.be/te-huur/8200-sint-andries/882732,875,A,2025-09-16
https://www.immoscoop.be/te-huur/8000-brugge/929706,560,B,2025-09-18
https://www.immoscoop.be/te-huur/8380-zeebrugge/910220,740,B,2025-09-18
https://www.immoscoop.be/te-huur/8000-brugge/937932,750,B,2025-09-18
https://www.immoscoop.be/te-huur/8200-sint-andries/921928,750,B,2025-09-18
https://www.immoscoop.be/te-huur/8000-brugge/922486,750,B,2025-09-18
https://www.immoscoop.be/te-huur/8000-brugge/929693,750,A,2025-09-18
https://www.immoscoop.be/te-huur/8000-brugge/915656,795,B,2025-09-18
https://www.immoscoop.be/te-huur/8380-zeebrugge/936363,800,A,2025-09-18
https://www.immoscoop.be/te-huur/8000-brugge/894981,800,B,2025-09-18
https://www.immoscoop.be/te-huur/8000-brugge/942980,850,B,2025-09-18
https://www.immoscoop.be/te-huur/8000-brugge/942982,850,B,2025-09-18
https://www.immoscoop.be/te-huur/8200-sint-andries/873147,875,B,2025-09-18
https://www.immoscoop.be/te-huur/8200-sint-andries/882732,875,A,2025-09-18
https://www.immoscoop.be/te-huur/8000-brugge/929706,560,B,2025-09-21
https://www.immoscoop.be/te-huur/8380-zeebrugge/910220,740,B,2025-09-21
https://www.immoscoop.be/te-huur/8000-brugge/937932,750,B,2025-09-21
https://www.immoscoop.be/te-huur/8200-sint-andries/921928,750,B,2025-09-21
https://www.immoscoop.be/te-huur/8000-brugge/929693,750,A,2025-09-21
https://www.immoscoop.be/te-huur/8000-brugge/922486,750,B,2025-09-21
https://www.immoscoop.be/te-huur/8000-brugge/915656,795,B,2025-09-21
https://www.immoscoop.be/te-huur/8380-zeebrugge/936363,800,A,2025-09-21
https://www.immoscoop.be/te-huur/8000-brugge/894981,800,B,2025-09-21
https://www.immoscoop.be/te-huur/8000-brugge/942980,850,B,2025-09-21
https://www.immoscoop.be/te-huur/8200-sint-andries/873147,875,B,2025-09-21
https://www.immoscoop.be/te-huur/8200-sint-andries/882732,875,A,2025-09-21
https://www.immoscoop.be/te-huur/8000-brugge/929706,560,B,2025-09-22
https://www.immoscoop.be/te-huur/8380-zeebrugge/910220,740,B,2025-09-22
https://www.immoscoop.be/te-huur/8000-brugge/937932,750,B,2025-09-22
https://www.immoscoop.be/te-huur/8200-sint-andries/921928,750,B,2025-09-22
https://www.immoscoop.be/te-huur/8000-brugge/929693,750,A,2025-09-22
https://www.immoscoop.be/te-huur/8000-brugge/922486,750,B,2025-09-22
https://www.immoscoop.be/te-huur/8000-brugge/915656,795,B,2025-09-22
https://www.immoscoop.be/te-huur/8380-zeebrugge/936363,800,A,2025-09-22
https://www.immoscoop.be/te-huur/8000-brugge/894981,800,B,2025-09-22
https://www.immoscoop.be/te-huur/8000-brugge/942980,850,B,2025-09-22
https://www.immoscoop.be/te-huur/8200-sint-andries/873147,875,B,2025-09-22
https://www.immoscoop.be/te-huur/8200-sint-andries/882732,875,A,2025-09-22
https://www.immoscoop.be/te-huur/8000-brugge/929706,560,B,2025-09-24
https://www.immoscoop.be/te-huur/8380-zeebrugge/910220,740,B,2025-09-24
https://www.immoscoop.be/te-huur/8000-brugge/937932,750,B,2025-09-24
https://www.immoscoop.be/te-huur/8200-sint-andries/921928,750,B,2025-09-24
https://www.immoscoop.be/te-huur/8000-brugge/929693,750,A,2025-09-24
https://www.immoscoop.be/te-huur/8000-brugge/922486,750,B,2025-09-24
https://www.immoscoop.be/te-huur/8000-brugge/915656,795,B,2025-09-24
https://www.immoscoop.be/te-huur/8380-zeebrugge/936363,800,A,2025-09-24
https://www.immoscoop.be/te-huur/8000-brugge/894981,800,B,2025-09-24
https://www.immoscoop.be/te-huur/8000-brugge/942980,850,B,2025-09-24
https://www.immoscoop.be/te-huur/8200-sint-andries/873147,875,B,2025-09-24
https://www.immoscoop.be/te-huur/8200-sint-andries/948060,900,B,2025-09-24
https://www.immoscoop.be/te-huur/8000-brugge/929706,560,B,2025-09-25
https://www.immoscoop.be/te-huur/8380-zeebrugge/910220,740,B,2025-09-25
https://www.immoscoop.be/te-huur/8000-brugge/937932,750,B,2025-09-25
https://www.immoscoop.be/te-huur/8200-sint-andries/921928,750,B,2025-09-25
https://www.immoscoop.be/te-huur/8000-brugge/929693,750,A,2025-09-25
https://www.immoscoop.be/te-huur/8000-brugge/922486,750,B,2025-09-25
https://www.immoscoop.be/te-huur/8000-brugge/915656,795,B,2025-09-25
https://www.immoscoop.be/te-huur/8380-zeebrugge/936363,800,A,2025-09-25
https://www.immoscoop.be/te-huur/8000-brugge/894981,800,B,2025-09-25
https://www.immoscoop.be/te-huur/8000-brugge/942980,850,B,2025-09-25
https://www.immoscoop.be/te-huur/8200-sint-andries/873147,875,B,2025-09-25
https://www.immoscoop.be/te-huur/8200-sint-andries/948060,900,B,2025-09-25
https://www.immoscoop.be/te-huur/8000-brugge/929706,560,B,2025-09-26
https://www.immoscoop.be/te-huur/8380-zeebrugge/910220,740,B,2025-09-26
https://www.immoscoop.be/te-huur/8000-brugge/937932,750,B,2025-09-26
https://www.immoscoop.be/te-huur/8200-sint-andries/921928,750,B,2025-09-26
https://www.immoscoop.be/te-huur/8000-brugge/929693,750,A,2025-09-26
https://www.immoscoop.be/te-huur/8000-brugge/922486,750,B,2025-09-26
https://www.immoscoop.be/te-huur/8000-brugge/915656,795,B,2025-09-26
https://www.immoscoop.be/te-huur/8380-zeebrugge/936363,800,A,2025-09-26
https://www.immoscoop.be/te-huur/8000-brugge/894981,800,B,2025-09-26
https://www.immoscoop.be/te-huur/8000-brugge/942980,850,B,2025-09-26
https://www.immoscoop.be/te-huur/8200-sint-andries/873147,875,B,2025-09-26
https://www.immoscoop.be/te-huur/8200-sint-andries/948060,900,B,2025-09-26
https://www.immoscoop.be/te-huur/8000-brugge/951348,900,B,2025-09-26
